id_01_00000000.wav,normal_id_01_00000098.wav,0
id_01_00000001.wav,anomaly_id_01_00000064.wav,1
id_01_00000002.wav,anomaly_id_01_00000158.wav,1
id_01_00000003.wav,anomaly_id_01_00000028.wav,1
id_01_00000004.wav,anomaly_id_01_00000145.wav,1
id_01_00000005.wav,anomaly_id_01_00000271.wav,1
id_01_00000006.wav,normal_id_01_00000063.wav,0
id_01_00000007.wav,anomaly_id_01_00000306.wav,1
id_01_00000008.wav,anomaly_id_01_00000287.wav,1
id_01_00000009.wav,anomaly_id_01_00000149.wav,1
id_01_00000010.wav,anomaly_id_01_00000273.wav,1
id_01_00000011.wav,anomaly_id_01_00000156.wav,1
id_01_00000012.wav,normal_id_01_00000066.wav,0
id_01_00000013.wav,anomaly_id_01_00000174.wav,1
id_01_00000014.wav,anomaly_id_01_00000311.wav,1
id_01_00000015.wav,anomaly_id_01_00000118.wav,1
id_01_00000016.wav,anomaly_id_01_00000013.wav,1
id_01_00000017.wav,anomaly_id_01_00000151.wav,1
id_01_00000018.wav,anomaly_id_01_00000019.wav,1
id_01_00000019.wav,anomaly_id_01_00000218.wav,1
id_01_00000020.wav,anomaly_id_01_00000126.wav,1
id_01_00000021.wav,normal_id_01_00000055.wav,0
id_01_00000022.wav,normal_id_01_00000054.wav,0
id_01_00000023.wav,anomaly_id_01_00000042.wav,1
id_01_00000024.wav,normal_id_01_00000048.wav,0
id_01_00000025.wav,anomaly_id_01_00000027.wav,1
id_01_00000026.wav,anomaly_id_01_00000041.wav,1
id_01_00000027.wav,anomaly_id_01_00000204.wav,1
id_01_00000028.wav,anomaly_id_01_00000233.wav,1
id_01_00000029.wav,anomaly_id_01_00000224.wav,1
id_01_00000030.wav,anomaly_id_01_00000239.wav,1
id_01_00000031.wav,normal_id_01_00000056.wav,0
id_01_00000032.wav,anomaly_id_01_00000268.wav,1
id_01_00000033.wav,anomaly_id_01_00000235.wav,1
id_01_00000034.wav,anomaly_id_01_00000161.wav,1
id_01_00000035.wav,anomaly_id_01_00000277.wav,1
id_01_00000036.wav,normal_id_01_00000062.wav,0
id_01_00000037.wav,anomaly_id_01_00000205.wav,1
id_01_00000038.wav,anomaly_id_01_00000085.wav,1
id_01_00000039.wav,anomaly_id_01_00000076.wav,1
id_01_00000040.wav,normal_id_01_00000095.wav,0
id_01_00000041.wav,anomaly_id_01_00000020.wav,1
id_01_00000042.wav,anomaly_id_01_00000272.wav,1
id_01_00000043.wav,normal_id_01_00000075.wav,0
id_01_00000044.wav,anomaly_id_01_00000106.wav,1
id_01_00000045.wav,anomaly_id_01_00000191.wav,1
id_01_00000046.wav,anomaly_id_01_00000072.wav,1
id_01_00000047.wav,normal_id_01_00000036.wav,0
id_01_00000048.wav,anomaly_id_01_00000319.wav,1
id_01_00000049.wav,anomaly_id_01_00000038.wav,1
id_01_00000050.wav,anomaly_id_01_00000323.wav,1
id_01_00000051.wav,anomaly_id_01_00000096.wav,1
id_01_00000052.wav,anomaly_id_01_00000073.wav,1
id_01_00000053.wav,normal_id_01_00000032.wav,0
id_01_00000054.wav,anomaly_id_01_00000059.wav,1
id_01_00000055.wav,anomaly_id_01_00000120.wav,1
id_01_00000056.wav,anomaly_id_01_00000238.wav,1
id_01_00000057.wav,normal_id_01_00000049.wav,0
id_01_00000058.wav,anomaly_id_01_00000112.wav,1
id_01_00000059.wav,normal_id_01_00000067.wav,0
id_01_00000060.wav,anomaly_id_01_00000168.wav,1
id_01_00000061.wav,anomaly_id_01_00000248.wav,1
id_01_00000062.wav,anomaly_id_01_00000211.wav,1
id_01_00000063.wav,anomaly_id_01_00000189.wav,1
id_01_00000064.wav,anomaly_id_01_00000294.wav,1
id_01_00000065.wav,normal_id_01_00000023.wav,0
id_01_00000066.wav,anomaly_id_01_00000175.wav,1
id_01_00000067.wav,anomaly_id_01_00000078.wav,1
id_01_00000068.wav,anomaly_id_01_00000234.wav,1
id_01_00000069.wav,normal_id_01_00000060.wav,0
id_01_00000070.wav,anomaly_id_01_00000194.wav,1
id_01_00000071.wav,normal_id_01_00000012.wav,0
id_01_00000072.wav,anomaly_id_01_00000103.wav,1
id_01_00000073.wav,normal_id_01_00000053.wav,0
id_01_00000074.wav,anomaly_id_01_00000181.wav,1
id_01_00000075.wav,anomaly_id_01_00000246.wav,1
id_01_00000076.wav,normal_id_01_00000073.wav,0
id_01_00000077.wav,anomaly_id_01_00000172.wav,1
id_01_00000078.wav,anomaly_id_01_00000210.wav,1
id_01_00000079.wav,anomaly_id_01_00000296.wav,1
id_01_00000080.wav,normal_id_01_00000010.wav,0
id_01_00000081.wav,anomaly_id_01_00000153.wav,1
id_01_00000082.wav,anomaly_id_01_00000113.wav,1
id_01_00000083.wav,anomaly_id_01_00000077.wav,1
id_01_00000084.wav,anomaly_id_01_00000247.wav,1
id_01_00000085.wav,anomaly_id_01_00000148.wav,1
id_01_00000086.wav,anomaly_id_01_00000250.wav,1
id_01_00000087.wav,anomaly_id_01_00000313.wav,1
id_01_00000088.wav,anomaly_id_01_00000022.wav,1
id_01_00000089.wav,anomaly_id_01_00000302.wav,1
id_01_00000090.wav,anomaly_id_01_00000295.wav,1
id_01_00000091.wav,anomaly_id_01_00000286.wav,1
id_01_00000092.wav,normal_id_01_00000029.wav,0
id_01_00000093.wav,anomaly_id_01_00000169.wav,1
id_01_00000094.wav,anomaly_id_01_00000025.wav,1
id_01_00000095.wav,anomaly_id_01_00000058.wav,1
id_01_00000096.wav,anomaly_id_01_00000087.wav,1
id_01_00000097.wav,anomaly_id_01_00000131.wav,1
id_01_00000098.wav,normal_id_01_00000046.wav,0
id_01_00000099.wav,normal_id_01_00000050.wav,0
id_01_00000100.wav,anomaly_id_01_00000122.wav,1
id_01_00000101.wav,anomaly_id_01_00000317.wav,1
id_01_00000102.wav,anomaly_id_01_00000265.wav,1
id_01_00000103.wav,normal_id_01_00000096.wav,0
id_01_00000104.wav,anomaly_id_01_00000166.wav,1
id_01_00000105.wav,anomaly_id_01_00000141.wav,1
id_01_00000106.wav,anomaly_id_01_00000001.wav,1
id_01_00000107.wav,anomaly_id_01_00000100.wav,1
id_01_00000108.wav,anomaly_id_01_00000301.wav,1
id_01_00000109.wav,anomaly_id_01_00000184.wav,1
id_01_00000110.wav,normal_id_01_00000077.wav,0
id_01_00000111.wav,normal_id_01_00000092.wav,0
id_01_00000112.wav,anomaly_id_01_00000055.wav,1
id_01_00000113.wav,anomaly_id_01_00000124.wav,1
id_01_00000114.wav,normal_id_01_00000003.wav,0
id_01_00000115.wav,normal_id_01_00000084.wav,0
id_01_00000116.wav,anomaly_id_01_00000117.wav,1
id_01_00000117.wav,anomaly_id_01_00000196.wav,1
id_01_00000118.wav,anomaly_id_01_00000074.wav,1
id_01_00000119.wav,anomaly_id_01_00000258.wav,1
id_01_00000120.wav,anomaly_id_01_00000050.wav,1
id_01_00000121.wav,normal_id_01_00000078.wav,0
id_01_00000122.wav,anomaly_id_01_00000324.wav,1
id_01_00000123.wav,anomaly_id_01_00000202.wav,1
id_01_00000124.wav,anomaly_id_01_00000023.wav,1
id_01_00000125.wav,anomaly_id_01_00000083.wav,1
id_01_00000126.wav,normal_id_01_00000065.wav,0
id_01_00000127.wav,normal_id_01_00000051.wav,0
id_01_00000128.wav,normal_id_01_00000019.wav,0
id_01_00000129.wav,anomaly_id_01_00000111.wav,1
id_01_00000130.wav,anomaly_id_01_00000056.wav,1
id_01_00000131.wav,anomaly_id_01_00000291.wav,1
id_01_00000132.wav,anomaly_id_01_00000005.wav,1
id_01_00000133.wav,anomaly_id_01_00000163.wav,1
id_01_00000134.wav,normal_id_01_00000093.wav,0
id_01_00000135.wav,anomaly_id_01_00000009.wav,1
id_01_00000136.wav,anomaly_id_01_00000244.wav,1
id_01_00000137.wav,normal_id_01_00000034.wav,0
id_01_00000138.wav,anomaly_id_01_00000070.wav,1
id_01_00000139.wav,normal_id_01_00000001.wav,0
id_01_00000140.wav,anomaly_id_01_00000048.wav,1
id_01_00000141.wav,anomaly_id_01_00000061.wav,1
id_01_00000142.wav,anomaly_id_01_00000021.wav,1
id_01_00000143.wav,anomaly_id_01_00000190.wav,1
id_01_00000144.wav,anomaly_id_01_00000090.wav,1
id_01_00000145.wav,anomaly_id_01_00000231.wav,1
id_01_00000146.wav,anomaly_id_01_00000147.wav,1
id_01_00000147.wav,anomaly_id_01_00000176.wav,1
id_01_00000148.wav,normal_id_01_00000079.wav,0
id_01_00000149.wav,anomaly_id_01_00000014.wav,1
id_01_00000150.wav,anomaly_id_01_00000255.wav,1
id_01_00000151.wav,normal_id_01_00000041.wav,0
id_01_00000152.wav,normal_id_01_00000059.wav,0
id_01_00000153.wav,anomaly_id_01_00000054.wav,1
id_01_00000154.wav,anomaly_id_01_00000232.wav,1
id_01_00000155.wav,anomaly_id_01_00000097.wav,1
id_01_00000156.wav,normal_id_01_00000068.wav,0
id_01_00000157.wav,normal_id_01_00000074.wav,0
id_01_00000158.wav,anomaly_id_01_00000105.wav,1
id_01_00000159.wav,anomaly_id_01_00000253.wav,1
id_01_00000160.wav,anomaly_id_01_00000144.wav,1
id_01_00000161.wav,normal_id_01_00000004.wav,0
id_01_00000162.wav,anomaly_id_01_00000128.wav,1
id_01_00000163.wav,anomaly_id_01_00000045.wav,1
id_01_00000164.wav,anomaly_id_01_00000312.wav,1
id_01_00000165.wav,anomaly_id_01_00000251.wav,1
id_01_00000166.wav,anomaly_id_01_00000225.wav,1
id_01_00000167.wav,anomaly_id_01_00000071.wav,1
id_01_00000168.wav,anomaly_id_01_00000304.wav,1
id_01_00000169.wav,anomaly_id_01_00000008.wav,1
id_01_00000170.wav,anomaly_id_01_00000011.wav,1
id_01_00000171.wav,anomaly_id_01_00000160.wav,1
id_01_00000172.wav,anomaly_id_01_00000108.wav,1
id_01_00000173.wav,anomaly_id_01_00000198.wav,1
id_01_00000174.wav,anomaly_id_01_00000032.wav,1
id_01_00000175.wav,anomaly_id_01_00000322.wav,1
id_01_00000176.wav,anomaly_id_01_00000259.wav,1
id_01_00000177.wav,anomaly_id_01_00000003.wav,1
id_01_00000178.wav,anomaly_id_01_00000018.wav,1
id_01_00000179.wav,anomaly_id_01_00000215.wav,1
id_01_00000180.wav,anomaly_id_01_00000088.wav,1
id_01_00000181.wav,anomaly_id_01_00000062.wav,1
id_01_00000182.wav,normal_id_01_00000083.wav,0
id_01_00000183.wav,anomaly_id_01_00000095.wav,1
id_01_00000184.wav,anomaly_id_01_00000031.wav,1
id_01_00000185.wav,anomaly_id_01_00000138.wav,1
id_01_00000186.wav,anomaly_id_01_00000079.wav,1
id_01_00000187.wav,normal_id_01_00000081.wav,0
id_01_00000188.wav,anomaly_id_01_00000275.wav,1
id_01_00000189.wav,anomaly_id_01_00000146.wav,1
id_01_00000190.wav,anomaly_id_01_00000300.wav,1
id_01_00000191.wav,normal_id_01_00000030.wav,0
id_01_00000192.wav,anomaly_id_01_00000063.wav,1
id_01_00000193.wav,anomaly_id_01_00000242.wav,1
id_01_00000194.wav,anomaly_id_01_00000197.wav,1
id_01_00000195.wav,anomaly_id_01_00000216.wav,1
id_01_00000196.wav,anomaly_id_01_00000289.wav,1
id_01_00000197.wav,anomaly_id_01_00000132.wav,1
id_01_00000198.wav,anomaly_id_01_00000069.wav,1
id_01_00000199.wav,normal_id_01_00000071.wav,0
id_01_00000200.wav,normal_id_01_00000016.wav,0
id_01_00000201.wav,anomaly_id_01_00000091.wav,1
id_01_00000202.wav,normal_id_01_00000008.wav,0
id_01_00000203.wav,anomaly_id_01_00000230.wav,1
id_01_00000204.wav,anomaly_id_01_00000310.wav,1
id_01_00000205.wav,normal_id_01_00000072.wav,0
id_01_00000206.wav,anomaly_id_01_00000267.wav,1
id_01_00000207.wav,anomaly_id_01_00000052.wav,1
id_01_00000208.wav,anomaly_id_01_00000188.wav,1
id_01_00000209.wav,anomaly_id_01_00000092.wav,1
id_01_00000210.wav,normal_id_01_00000087.wav,0
id_01_00000211.wav,anomaly_id_01_00000256.wav,1
id_01_00000212.wav,anomaly_id_01_00000034.wav,1
id_01_00000213.wav,normal_id_01_00000069.wav,0
id_01_00000214.wav,anomaly_id_01_00000053.wav,1
id_01_00000215.wav,anomaly_id_01_00000257.wav,1
id_01_00000216.wav,anomaly_id_01_00000057.wav,1
id_01_00000217.wav,anomaly_id_01_00000314.wav,1
id_01_00000218.wav,normal_id_01_00000037.wav,0
id_01_00000219.wav,anomaly_id_01_00000179.wav,1
id_01_00000220.wav,normal_id_01_00000094.wav,0
id_01_00000221.wav,anomaly_id_01_00000249.wav,1
id_01_00000222.wav,anomaly_id_01_00000036.wav,1
id_01_00000223.wav,anomaly_id_01_00000217.wav,1
id_01_00000224.wav,anomaly_id_01_00000262.wav,1
id_01_00000225.wav,anomaly_id_01_00000264.wav,1
id_01_00000226.wav,normal_id_01_00000020.wav,0
id_01_00000227.wav,anomaly_id_01_00000187.wav,1
id_01_00000228.wav,normal_id_01_00000035.wav,0
id_01_00000229.wav,anomaly_id_01_00000298.wav,1
id_01_00000230.wav,anomaly_id_01_00000206.wav,1
id_01_00000231.wav,anomaly_id_01_00000170.wav,1
id_01_00000232.wav,anomaly_id_01_00000315.wav,1
id_01_00000233.wav,normal_id_01_00000043.wav,0
id_01_00000234.wav,anomaly_id_01_00000186.wav,1
id_01_00000235.wav,anomaly_id_01_00000173.wav,1
id_01_00000236.wav,normal_id_01_00000039.wav,0
id_01_00000237.wav,anomaly_id_01_00000029.wav,1
id_01_00000238.wav,normal_id_01_00000009.wav,0
id_01_00000239.wav,anomaly_id_01_00000068.wav,1
id_01_00000240.wav,normal_id_01_00000026.wav,0
id_01_00000241.wav,anomaly_id_01_00000139.wav,1
id_01_00000242.wav,normal_id_01_00000013.wav,0
id_01_00000243.wav,anomaly_id_01_00000129.wav,1
id_01_00000244.wav,normal_id_01_00000015.wav,0
id_01_00000245.wav,anomaly_id_01_00000046.wav,1
id_01_00000246.wav,anomaly_id_01_00000318.wav,1
id_01_00000247.wav,anomaly_id_01_00000201.wav,1
id_01_00000248.wav,normal_id_01_00000088.wav,0
id_01_00000249.wav,anomaly_id_01_00000137.wav,1
id_01_00000250.wav,anomaly_id_01_00000080.wav,1
id_01_00000251.wav,anomaly_id_01_00000263.wav,1
id_01_00000252.wav,anomaly_id_01_00000245.wav,1
id_01_00000253.wav,anomaly_id_01_00000119.wav,1
id_01_00000254.wav,normal_id_01_00000028.wav,0
id_01_00000255.wav,anomaly_id_01_00000043.wav,1
id_01_00000256.wav,anomaly_id_01_00000136.wav,1
id_01_00000257.wav,anomaly_id_01_00000183.wav,1
id_01_00000258.wav,anomaly_id_01_00000067.wav,1
id_01_00000259.wav,normal_id_01_00000018.wav,0
id_01_00000260.wav,normal_id_01_00000022.wav,0
id_01_00000261.wav,anomaly_id_01_00000049.wav,1
id_01_00000262.wav,anomaly_id_01_00000212.wav,1
id_01_00000263.wav,anomaly_id_01_00000274.wav,1
id_01_00000264.wav,anomaly_id_01_00000142.wav,1
id_01_00000265.wav,normal_id_01_00000024.wav,0
id_01_00000266.wav,anomaly_id_01_00000089.wav,1
id_01_00000267.wav,anomaly_id_01_00000004.wav,1
id_01_00000268.wav,anomaly_id_01_00000305.wav,1
id_01_00000269.wav,anomaly_id_01_00000281.wav,1
id_01_00000270.wav,anomaly_id_01_00000002.wav,1
id_01_00000271.wav,anomaly_id_01_00000261.wav,1
id_01_00000272.wav,anomaly_id_01_00000266.wav,1
id_01_00000273.wav,anomaly_id_01_00000285.wav,1
id_01_00000274.wav,normal_id_01_00000044.wav,0
id_01_00000275.wav,anomaly_id_01_00000035.wav,1
id_01_00000276.wav,anomaly_id_01_00000292.wav,1
id_01_00000277.wav,normal_id_01_00000086.wav,0
id_01_00000278.wav,anomaly_id_01_00000081.wav,1
id_01_00000279.wav,anomaly_id_01_00000220.wav,1
id_01_00000280.wav,anomaly_id_01_00000178.wav,1
id_01_00000281.wav,normal_id_01_00000097.wav,0
id_01_00000282.wav,anomaly_id_01_00000125.wav,1
id_01_00000283.wav,anomaly_id_01_00000229.wav,1
id_01_00000284.wav,anomaly_id_01_00000185.wav,1
id_01_00000285.wav,anomaly_id_01_00000279.wav,1
id_01_00000286.wav,normal_id_01_00000085.wav,0
id_01_00000287.wav,normal_id_01_00000057.wav,0
id_01_00000288.wav,normal_id_01_00000080.wav,0
id_01_00000289.wav,anomaly_id_01_00000299.wav,1
id_01_00000290.wav,normal_id_01_00000089.wav,0
id_01_00000291.wav,anomaly_id_01_00000228.wav,1
id_01_00000292.wav,anomaly_id_01_00000240.wav,1
id_01_00000293.wav,anomaly_id_01_00000016.wav,1
id_01_00000294.wav,anomaly_id_01_00000075.wav,1
id_01_00000295.wav,anomaly_id_01_00000093.wav,1
id_01_00000296.wav,anomaly_id_01_00000109.wav,1
id_01_00000297.wav,anomaly_id_01_00000297.wav,1
id_01_00000298.wav,anomaly_id_01_00000180.wav,1
id_01_00000299.wav,anomaly_id_01_00000017.wav,1
id_01_00000300.wav,anomaly_id_01_00000219.wav,1
id_01_00000301.wav,anomaly_id_01_00000099.wav,1
id_01_00000302.wav,normal_id_01_00000025.wav,0
id_01_00000303.wav,normal_id_01_00000064.wav,0
id_01_00000304.wav,anomaly_id_01_00000065.wav,1
id_01_00000305.wav,anomaly_id_01_00000012.wav,1
id_01_00000306.wav,normal_id_01_00000042.wav,0
id_01_00000307.wav,anomaly_id_01_00000309.wav,1
id_01_00000308.wav,anomaly_id_01_00000214.wav,1
id_01_00000309.wav,anomaly_id_01_00000260.wav,1
id_01_00000310.wav,anomaly_id_01_00000200.wav,1
id_01_00000311.wav,anomaly_id_01_00000209.wav,1
id_01_00000312.wav,anomaly_id_01_00000165.wav,1
id_01_00000313.wav,anomaly_id_01_00000282.wav,1
id_01_00000314.wav,anomaly_id_01_00000154.wav,1
id_01_00000315.wav,anomaly_id_01_00000007.wav,1
id_01_00000316.wav,anomaly_id_01_00000094.wav,1
id_01_00000317.wav,anomaly_id_01_00000316.wav,1
id_01_00000318.wav,anomaly_id_01_00000162.wav,1
id_01_00000319.wav,anomaly_id_01_00000223.wav,1
id_01_00000320.wav,anomaly_id_01_00000044.wav,1
id_01_00000321.wav,anomaly_id_01_00000047.wav,1
id_01_00000322.wav,normal_id_01_00000033.wav,0
id_01_00000323.wav,anomaly_id_01_00000024.wav,1
id_01_00000324.wav,anomaly_id_01_00000193.wav,1
id_01_00000325.wav,anomaly_id_01_00000237.wav,1
id_01_00000326.wav,anomaly_id_01_00000143.wav,1
id_01_00000327.wav,anomaly_id_01_00000278.wav,1
id_01_00000328.wav,anomaly_id_01_00000182.wav,1
id_01_00000329.wav,anomaly_id_01_00000222.wav,1
id_01_00000330.wav,anomaly_id_01_00000269.wav,1
id_01_00000331.wav,anomaly_id_01_00000308.wav,1
id_01_00000332.wav,anomaly_id_01_00000104.wav,1
id_01_00000333.wav,normal_id_01_00000090.wav,0
id_01_00000334.wav,anomaly_id_01_00000208.wav,1
id_01_00000335.wav,anomaly_id_01_00000241.wav,1
id_01_00000336.wav,anomaly_id_01_00000243.wav,1
id_01_00000337.wav,anomaly_id_01_00000303.wav,1
id_01_00000338.wav,anomaly_id_01_00000066.wav,1
id_01_00000339.wav,normal_id_01_00000005.wav,0
id_01_00000340.wav,anomaly_id_01_00000203.wav,1
id_01_00000341.wav,anomaly_id_01_00000207.wav,1
id_01_00000342.wav,anomaly_id_01_00000082.wav,1
id_01_00000343.wav,anomaly_id_01_00000060.wav,1
id_01_00000344.wav,anomaly_id_01_00000114.wav,1
id_01_00000345.wav,normal_id_01_00000038.wav,0
id_01_00000346.wav,anomaly_id_01_00000280.wav,1
id_01_00000347.wav,anomaly_id_01_00000010.wav,1
id_01_00000348.wav,anomaly_id_01_00000252.wav,1
id_01_00000349.wav,anomaly_id_01_00000084.wav,1
id_01_00000350.wav,normal_id_01_00000061.wav,0
id_01_00000351.wav,anomaly_id_01_00000098.wav,1
id_01_00000352.wav,normal_id_01_00000058.wav,0
id_01_00000353.wav,anomaly_id_01_00000307.wav,1
id_01_00000354.wav,anomaly_id_01_00000226.wav,1
id_01_00000355.wav,anomaly_id_01_00000195.wav,1
id_01_00000356.wav,anomaly_id_01_00000015.wav,1
id_01_00000357.wav,normal_id_01_00000047.wav,0
id_01_00000358.wav,anomaly_id_01_00000283.wav,1
id_01_00000359.wav,anomaly_id_01_00000140.wav,1
id_01_00000360.wav,anomaly_id_01_00000155.wav,1
id_01_00000361.wav,anomaly_id_01_00000121.wav,1
id_01_00000362.wav,normal_id_01_00000082.wav,0
id_01_00000363.wav,anomaly_id_01_00000102.wav,1
id_01_00000364.wav,anomaly_id_01_00000199.wav,1
id_01_00000365.wav,anomaly_id_01_00000177.wav,1
id_01_00000366.wav,anomaly_id_01_00000000.wav,1
id_01_00000367.wav,anomaly_id_01_00000325.wav,1
id_01_00000368.wav,anomaly_id_01_00000133.wav,1
id_01_00000369.wav,normal_id_01_00000000.wav,0
id_01_00000370.wav,anomaly_id_01_00000123.wav,1
id_01_00000371.wav,anomaly_id_01_00000130.wav,1
id_01_00000372.wav,anomaly_id_01_00000127.wav,1
id_01_00000373.wav,anomaly_id_01_00000321.wav,1
id_01_00000374.wav,normal_id_01_00000006.wav,0
id_01_00000375.wav,anomaly_id_01_00000026.wav,1
id_01_00000376.wav,anomaly_id_01_00000213.wav,1
id_01_00000377.wav,anomaly_id_01_00000107.wav,1
id_01_00000378.wav,anomaly_id_01_00000110.wav,1
id_01_00000379.wav,anomaly_id_01_00000164.wav,1
id_01_00000380.wav,normal_id_01_00000076.wav,0
id_01_00000381.wav,anomaly_id_01_00000116.wav,1
id_01_00000382.wav,normal_id_01_00000027.wav,0
id_01_00000383.wav,normal_id_01_00000014.wav,0
id_01_00000384.wav,anomaly_id_01_00000293.wav,1
id_01_00000385.wav,normal_id_01_00000021.wav,0
id_01_00000386.wav,normal_id_01_00000002.wav,0
id_01_00000387.wav,anomaly_id_01_00000221.wav,1
id_01_00000388.wav,anomaly_id_01_00000270.wav,1
id_01_00000389.wav,normal_id_01_00000011.wav,0
id_01_00000390.wav,anomaly_id_01_00000159.wav,1
id_01_00000391.wav,anomaly_id_01_00000135.wav,1
id_01_00000392.wav,normal_id_01_00000040.wav,0
id_01_00000393.wav,normal_id_01_00000099.wav,0
id_01_00000394.wav,anomaly_id_01_00000152.wav,1
id_01_00000395.wav,anomaly_id_01_00000192.wav,1
id_01_00000396.wav,anomaly_id_01_00000288.wav,1
id_01_00000397.wav,anomaly_id_01_00000040.wav,1
id_01_00000398.wav,normal_id_01_00000031.wav,0
id_01_00000399.wav,anomaly_id_01_00000006.wav,1
id_01_00000400.wav,anomaly_id_01_00000167.wav,1
id_01_00000401.wav,normal_id_01_00000007.wav,0
id_01_00000402.wav,anomaly_id_01_00000254.wav,1
id_01_00000403.wav,anomaly_id_01_00000030.wav,1
id_01_00000404.wav,anomaly_id_01_00000227.wav,1
id_01_00000405.wav,anomaly_id_01_00000150.wav,1
id_01_00000406.wav,anomaly_id_01_00000276.wav,1
id_01_00000407.wav,anomaly_id_01_00000039.wav,1
id_01_00000408.wav,anomaly_id_01_00000290.wav,1
id_01_00000409.wav,anomaly_id_01_00000134.wav,1
id_01_00000410.wav,anomaly_id_01_00000033.wav,1
id_01_00000411.wav,anomaly_id_01_00000101.wav,1
id_01_00000412.wav,anomaly_id_01_00000171.wav,1
id_01_00000413.wav,anomaly_id_01_00000157.wav,1
id_01_00000414.wav,anomaly_id_01_00000236.wav,1
id_01_00000415.wav,anomaly_id_01_00000115.wav,1
id_01_00000416.wav,anomaly_id_01_00000284.wav,1
id_01_00000417.wav,normal_id_01_00000017.wav,0
id_01_00000418.wav,anomaly_id_01_00000086.wav,1
id_01_00000419.wav,anomaly_id_01_00000037.wav,1
id_01_00000420.wav,anomaly_id_01_00000051.wav,1
id_01_00000421.wav,anomaly_id_01_00000320.wav,1
id_01_00000422.wav,normal_id_01_00000070.wav,0
id_01_00000423.wav,normal_id_01_00000091.wav,0
id_01_00000424.wav,normal_id_01_00000052.wav,0
id_01_00000425.wav,normal_id_01_00000045.wav,0
id_03_00000000.wav,normal_id_03_00000054.wav,0
id_03_00000001.wav,normal_id_03_00000038.wav,0
id_03_00000002.wav,normal_id_03_00000035.wav,0
id_03_00000003.wav,anomaly_id_03_00000140.wav,1
id_03_00000004.wav,anomaly_id_03_00000356.wav,1
id_03_00000005.wav,anomaly_id_03_00000175.wav,1
id_03_00000006.wav,anomaly_id_03_00000090.wav,1
id_03_00000007.wav,anomaly_id_03_00000114.wav,1
id_03_00000008.wav,anomaly_id_03_00000258.wav,1
id_03_00000009.wav,anomaly_id_03_00000278.wav,1
id_03_00000010.wav,anomaly_id_03_00000326.wav,1
id_03_00000011.wav,anomaly_id_03_00000060.wav,1
id_03_00000012.wav,anomaly_id_03_00000023.wav,1
id_03_00000013.wav,anomaly_id_03_00000053.wav,1
id_03_00000014.wav,normal_id_03_00000090.wav,0
id_03_00000015.wav,normal_id_03_00000004.wav,0
id_03_00000016.wav,anomaly_id_03_00000081.wav,1
id_03_00000017.wav,anomaly_id_03_00000108.wav,1
id_03_00000018.wav,anomaly_id_03_00000321.wav,1
id_03_00000019.wav,anomaly_id_03_00000089.wav,1
id_03_00000020.wav,normal_id_03_00000072.wav,0
id_03_00000021.wav,normal_id_03_00000060.wav,0
id_03_00000022.wav,anomaly_id_03_00000249.wav,1
id_03_00000023.wav,anomaly_id_03_00000091.wav,1
id_03_00000024.wav,normal_id_03_00000006.wav,0
id_03_00000025.wav,anomaly_id_03_00000048.wav,1
id_03_00000026.wav,normal_id_03_00000003.wav,0
id_03_00000027.wav,normal_id_03_00000033.wav,0
id_03_00000028.wav,normal_id_03_00000044.wav,0
id_03_00000029.wav,anomaly_id_03_00000148.wav,1
id_03_00000030.wav,anomaly_id_03_00000144.wav,1
id_03_00000031.wav,normal_id_03_00000009.wav,0
id_03_00000032.wav,normal_id_03_00000040.wav,0
id_03_00000033.wav,anomaly_id_03_00000213.wav,1
id_03_00000034.wav,anomaly_id_03_00000347.wav,1
id_03_00000035.wav,anomaly_id_03_00000294.wav,1
id_03_00000036.wav,anomaly_id_03_00000212.wav,1
id_03_00000037.wav,normal_id_03_00000028.wav,0
id_03_00000038.wav,anomaly_id_03_00000200.wav,1
id_03_00000039.wav,normal_id_03_00000086.wav,0
id_03_00000040.wav,anomaly_id_03_00000282.wav,1
id_03_00000041.wav,anomaly_id_03_00000083.wav,1
id_03_00000042.wav,normal_id_03_00000085.wav,0
id_03_00000043.wav,anomaly_id_03_00000050.wav,1
id_03_00000044.wav,anomaly_id_03_00000344.wav,1
id_03_00000045.wav,anomaly_id_03_00000012.wav,1
id_03_00000046.wav,anomaly_id_03_00000327.wav,1
id_03_00000047.wav,normal_id_03_00000000.wav,0
id_03_00000048.wav,normal_id_03_00000096.wav,0
id_03_00000049.wav,anomaly_id_03_00000357.wav,1
id_03_00000050.wav,anomaly_id_03_00000084.wav,1
id_03_00000051.wav,anomaly_id_03_00000308.wav,1
id_03_00000052.wav,anomaly_id_03_00000111.wav,1
id_03_00000053.wav,anomaly_id_03_00000267.wav,1
id_03_00000054.wav,anomaly_id_03_00000071.wav,1
id_03_00000055.wav,anomaly_id_03_00000086.wav,1
id_03_00000056.wav,anomaly_id_03_00000320.wav,1
id_03_00000057.wav,anomaly_id_03_00000137.wav,1
id_03_00000058.wav,anomaly_id_03_00000123.wav,1
id_03_00000059.wav,anomaly_id_03_00000332.wav,1
id_03_00000060.wav,normal_id_03_00000084.wav,0
id_03_00000061.wav,anomaly_id_03_00000239.wav,1
id_03_00000062.wav,anomaly_id_03_00000162.wav,1
id_03_00000063.wav,anomaly_id_03_00000018.wav,1
id_03_00000064.wav,normal_id_03_00000064.wav,0
id_03_00000065.wav,normal_id_03_00000045.wav,0
id_03_00000066.wav,anomaly_id_03_00000298.wav,1
id_03_00000067.wav,anomaly_id_03_00000031.wav,1
id_03_00000068.wav,anomaly_id_03_00000068.wav,1
id_03_00000069.wav,anomaly_id_03_00000222.wav,1
id_03_00000070.wav,anomaly_id_03_00000268.wav,1
id_03_00000071.wav,anomaly_id_03_00000067.wav,1
id_03_00000072.wav,normal_id_03_00000094.wav,0
id_03_00000073.wav,anomaly_id_03_00000036.wav,1
id_03_00000074.wav,anomaly_id_03_00000109.wav,1
id_03_00000075.wav,anomaly_id_03_00000355.wav,1
id_03_00000076.wav,normal_id_03_00000020.wav,0
id_03_00000077.wav,anomaly_id_03_00000303.wav,1
id_03_00000078.wav,anomaly_id_03_00000094.wav,1
id_03_00000079.wav,anomaly_id_03_00000227.wav,1
id_03_00000080.wav,anomaly_id_03_00000147.wav,1
id_03_00000081.wav,normal_id_03_00000039.wav,0
id_03_00000082.wav,anomaly_id_03_00000152.wav,1
id_03_00000083.wav,anomaly_id_03_00000160.wav,1
id_03_00000084.wav,anomaly_id_03_00000339.wav,1
id_03_00000085.wav,anomaly_id_03_00000194.wav,1
id_03_00000086.wav,normal_id_03_00000080.wav,0
id_03_00000087.wav,normal_id_03_00000098.wav,0
id_03_00000088.wav,normal_id_03_00000099.wav,0
id_03_00000089.wav,anomaly_id_03_00000037.wav,1
id_03_00000090.wav,anomaly_id_03_00000351.wav,1
id_03_00000091.wav,anomaly_id_03_00000296.wav,1
id_03_00000092.wav,anomaly_id_03_00000024.wav,1
id_03_00000093.wav,anomaly_id_03_00000309.wav,1
id_03_00000094.wav,anomaly_id_03_00000052.wav,1
id_03_00000095.wav,anomaly_id_03_00000229.wav,1
id_03_00000096.wav,anomaly_id_03_00000198.wav,1
id_03_00000097.wav,anomaly_id_03_00000003.wav,1
id_03_00000098.wav,normal_id_03_00000067.wav,0
id_03_00000099.wav,normal_id_03_00000052.wav,0
id_03_00000100.wav,normal_id_03_00000008.wav,0
id_03_00000101.wav,anomaly_id_03_00000215.wav,1
id_03_00000102.wav,anomaly_id_03_00000124.wav,1
id_03_00000103.wav,anomaly_id_03_00000056.wav,1
id_03_00000104.wav,anomaly_id_03_00000263.wav,1
id_03_00000105.wav,anomaly_id_03_00000069.wav,1
id_03_00000106.wav,normal_id_03_00000078.wav,0
id_03_00000107.wav,normal_id_03_00000058.wav,0
id_03_00000108.wav,anomaly_id_03_00000064.wav,1
id_03_00000109.wav,anomaly_id_03_00000223.wav,1
id_03_00000110.wav,anomaly_id_03_00000005.wav,1
id_03_00000111.wav,normal_id_03_00000025.wav,0
id_03_00000112.wav,normal_id_03_00000031.wav,0
id_03_00000113.wav,normal_id_03_00000022.wav,0
id_03_00000114.wav,anomaly_id_03_00000184.wav,1
id_03_00000115.wav,anomaly_id_03_00000163.wav,1
id_03_00000116.wav,normal_id_03_00000024.wav,0
id_03_00000117.wav,anomaly_id_03_00000106.wav,1
id_03_00000118.wav,anomaly_id_03_00000065.wav,1
id_03_00000119.wav,normal_id_03_00000041.wav,0
id_03_00000120.wav,normal_id_03_00000034.wav,0
id_03_00000121.wav,anomaly_id_03_00000330.wav,1
id_03_00000122.wav,anomaly_id_03_00000054.wav,1
id_03_00000123.wav,anomaly_id_03_00000118.wav,1
id_03_00000124.wav,normal_id_03_00000063.wav,0
id_03_00000125.wav,normal_id_03_00000076.wav,0
id_03_00000126.wav,anomaly_id_03_00000281.wav,1
id_03_00000127.wav,anomaly_id_03_00000337.wav,1
id_03_00000128.wav,anomaly_id_03_00000076.wav,1
id_03_00000129.wav,anomaly_id_03_00000033.wav,1
id_03_00000130.wav,anomaly_id_03_00000149.wav,1
id_03_00000131.wav,anomaly_id_03_00000310.wav,1
id_03_00000132.wav,anomaly_id_03_00000127.wav,1
id_03_00000133.wav,anomaly_id_03_00000015.wav,1
id_03_00000134.wav,normal_id_03_00000070.wav,0
id_03_00000135.wav,normal_id_03_00000065.wav,0
id_03_00000136.wav,anomaly_id_03_00000275.wav,1
id_03_00000137.wav,normal_id_03_00000002.wav,0
id_03_00000138.wav,anomaly_id_03_00000217.wav,1
id_03_00000139.wav,anomaly_id_03_00000027.wav,1
id_03_00000140.wav,anomaly_id_03_00000170.wav,1
id_03_00000141.wav,anomaly_id_03_00000283.wav,1
id_03_00000142.wav,anomaly_id_03_00000199.wav,1
id_03_00000143.wav,anomaly_id_03_00000287.wav,1
id_03_00000144.wav,anomaly_id_03_00000049.wav,1
id_03_00000145.wav,normal_id_03_00000021.wav,0
id_03_00000146.wav,anomaly_id_03_00000001.wav,1
id_03_00000147.wav,anomaly_id_03_00000143.wav,1
id_03_00000148.wav,normal_id_03_00000077.wav,0
id_03_00000149.wav,anomaly_id_03_00000251.wav,1
id_03_00000150.wav,anomaly_id_03_00000179.wav,1
id_03_00000151.wav,anomaly_id_03_00000150.wav,1
id_03_00000152.wav,anomaly_id_03_00000288.wav,1
id_03_00000153.wav,normal_id_03_00000087.wav,0
id_03_00000154.wav,anomaly_id_03_00000349.wav,1
id_03_00000155.wav,anomaly_id_03_00000034.wav,1
id_03_00000156.wav,anomaly_id_03_00000063.wav,1
id_03_00000157.wav,anomaly_id_03_00000225.wav,1
id_03_00000158.wav,anomaly_id_03_00000247.wav,1
id_03_00000159.wav,anomaly_id_03_00000117.wav,1
id_03_00000160.wav,anomaly_id_03_00000211.wav,1
id_03_00000161.wav,anomaly_id_03_00000121.wav,1
id_03_00000162.wav,anomaly_id_03_00000166.wav,1
id_03_00000163.wav,anomaly_id_03_00000191.wav,1
id_03_00000164.wav,anomaly_id_03_00000104.wav,1
id_03_00000165.wav,anomaly_id_03_00000032.wav,1
id_03_00000166.wav,anomaly_id_03_00000017.wav,1
id_03_00000167.wav,anomaly_id_03_00000100.wav,1
id_03_00000168.wav,anomaly_id_03_00000325.wav,1
id_03_00000169.wav,anomaly_id_03_00000226.wav,1
id_03_00000170.wav,anomaly_id_03_00000264.wav,1
id_03_00000171.wav,anomaly_id_03_00000132.wav,1
id_03_00000172.wav,anomaly_id_03_00000019.wav,1
id_03_00000173.wav,normal_id_03_00000055.wav,0
id_03_00000174.wav,anomaly_id_03_00000311.wav,1
id_03_00000175.wav,normal_id_03_00000089.wav,0
id_03_00000176.wav,anomaly_id_03_00000340.wav,1
id_03_00000177.wav,anomaly_id_03_00000119.wav,1
id_03_00000178.wav,anomaly_id_03_00000176.wav,1
id_03_00000179.wav,anomaly_id_03_00000293.wav,1
id_03_00000180.wav,anomaly_id_03_00000139.wav,1
id_03_00000181.wav,anomaly_id_03_00000338.wav,1
id_03_00000182.wav,normal_id_03_00000012.wav,0
id_03_00000183.wav,anomaly_id_03_00000305.wav,1
id_03_00000184.wav,anomaly_id_03_00000250.wav,1
id_03_00000185.wav,anomaly_id_03_00000242.wav,1
id_03_00000186.wav,normal_id_03_00000018.wav,0
id_03_00000187.wav,anomaly_id_03_00000002.wav,1
id_03_00000188.wav,anomaly_id_03_00000021.wav,1
id_03_00000189.wav,anomaly_id_03_00000173.wav,1
id_03_00000190.wav,anomaly_id_03_00000025.wav,1
id_03_00000191.wav,normal_id_03_00000032.wav,0
id_03_00000192.wav,anomaly_id_03_00000255.wav,1
id_03_00000193.wav,anomaly_id_03_00000291.wav,1
id_03_00000194.wav,anomaly_id_03_00000136.wav,1
id_03_00000195.wav,anomaly_id_03_00000088.wav,1
id_03_00000196.wav,anomaly_id_03_00000153.wav,1
id_03_00000197.wav,anomaly_id_03_00000107.wav,1
id_03_00000198.wav,anomaly_id_03_00000079.wav,1
id_03_00000199.wav,anomaly_id_03_00000075.wav,1
id_03_00000200.wav,anomaly_id_03_00000235.wav,1
id_03_00000201.wav,anomaly_id_03_00000315.wav,1
id_03_00000202.wav,anomaly_id_03_00000243.wav,1
id_03_00000203.wav,anomaly_id_03_00000190.wav,1
id_03_00000204.wav,anomaly_id_03_00000216.wav,1
id_03_00000205.wav,normal_id_03_00000007.wav,0
id_03_00000206.wav,anomaly_id_03_00000112.wav,1
id_03_00000207.wav,anomaly_id_03_00000040.wav,1
id_03_00000208.wav,anomaly_id_03_00000098.wav,1
id_03_00000209.wav,anomaly_id_03_00000061.wav,1
id_03_00000210.wav,anomaly_id_03_00000045.wav,1
id_03_00000211.wav,anomaly_id_03_00000265.wav,1
id_03_00000212.wav,anomaly_id_03_00000273.wav,1
id_03_00000213.wav,anomaly_id_03_00000221.wav,1
id_03_00000214.wav,anomaly_id_03_00000219.wav,1
id_03_00000215.wav,anomaly_id_03_00000236.wav,1
id_03_00000216.wav,anomaly_id_03_00000010.wav,1
id_03_00000217.wav,normal_id_03_00000083.wav,0
id_03_00000218.wav,anomaly_id_03_00000082.wav,1
id_03_00000219.wav,anomaly_id_03_00000280.wav,1
id_03_00000220.wav,normal_id_03_00000057.wav,0
id_03_00000221.wav,anomaly_id_03_00000022.wav,1
id_03_00000222.wav,normal_id_03_00000092.wav,0
id_03_00000223.wav,anomaly_id_03_00000270.wav,1
id_03_00000224.wav,anomaly_id_03_00000047.wav,1
id_03_00000225.wav,anomaly_id_03_00000240.wav,1
id_03_00000226.wav,normal_id_03_00000013.wav,0
id_03_00000227.wav,anomaly_id_03_00000274.wav,1
id_03_00000228.wav,anomaly_id_03_00000189.wav,1
id_03_00000229.wav,anomaly_id_03_00000224.wav,1
id_03_00000230.wav,normal_id_03_00000056.wav,0
id_03_00000231.wav,anomaly_id_03_00000230.wav,1
id_03_00000232.wav,anomaly_id_03_00000314.wav,1
id_03_00000233.wav,anomaly_id_03_00000193.wav,1
id_03_00000234.wav,anomaly_id_03_00000009.wav,1
id_03_00000235.wav,anomaly_id_03_00000165.wav,1
id_03_00000236.wav,anomaly_id_03_00000110.wav,1
id_03_00000237.wav,anomaly_id_03_00000070.wav,1
id_03_00000238.wav,anomaly_id_03_00000248.wav,1
id_03_00000239.wav,anomaly_id_03_00000352.wav,1
id_03_00000240.wav,normal_id_03_00000047.wav,0
id_03_00000241.wav,normal_id_03_00000026.wav,0
id_03_00000242.wav,anomaly_id_03_00000074.wav,1
id_03_00000243.wav,normal_id_03_00000014.wav,0
id_03_00000244.wav,anomaly_id_03_00000039.wav,1
id_03_00000245.wav,normal_id_03_00000091.wav,0
id_03_00000246.wav,anomaly_id_03_00000177.wav,1
id_03_00000247.wav,normal_id_03_00000061.wav,0
id_03_00000248.wav,anomaly_id_03_00000202.wav,1
id_03_00000249.wav,anomaly_id_03_00000335.wav,1
id_03_00000250.wav,anomaly_id_03_00000316.wav,1
id_03_00000251.wav,anomaly_id_03_00000164.wav,1
id_03_00000252.wav,anomaly_id_03_00000252.wav,1
id_03_00000253.wav,anomaly_id_03_00000141.wav,1
id_03_00000254.wav,anomaly_id_03_00000284.wav,1
id_03_00000255.wav,anomaly_id_03_00000133.wav,1
id_03_00000256.wav,anomaly_id_03_00000062.wav,1
id_03_00000257.wav,anomaly_id_03_00000167.wav,1
id_03_00000258.wav,anomaly_id_03_00000336.wav,1
id_03_00000259.wav,anomaly_id_03_00000158.wav,1
id_03_00000260.wav,anomaly_id_03_00000272.wav,1
id_03_00000261.wav,normal_id_03_00000011.wav,0
id_03_00000262.wav,normal_id_03_00000005.wav,0
id_03_00000263.wav,normal_id_03_00000053.wav,0
id_03_00000264.wav,anomaly_id_03_00000138.wav,1
id_03_00000265.wav,anomaly_id_03_00000292.wav,1
id_03_00000266.wav,anomaly_id_03_00000204.wav,1
id_03_00000267.wav,anomaly_id_03_00000169.wav,1
id_03_00000268.wav,anomaly_id_03_00000095.wav,1
id_03_00000269.wav,anomaly_id_03_00000313.wav,1
id_03_00000270.wav,normal_id_03_00000068.wav,0
id_03_00000271.wav,anomaly_id_03_00000209.wav,1
id_03_00000272.wav,anomaly_id_03_00000297.wav,1
id_03_00000273.wav,anomaly_id_03_00000218.wav,1
id_03_00000274.wav,anomaly_id_03_00000038.wav,1
id_03_00000275.wav,anomaly_id_03_00000126.wav,1
id_03_00000276.wav,anomaly_id_03_00000122.wav,1
id_03_00000277.wav,anomaly_id_03_00000203.wav,1
id_03_00000278.wav,normal_id_03_00000029.wav,0
id_03_00000279.wav,anomaly_id_03_00000097.wav,1
id_03_00000280.wav,anomaly_id_03_00000334.wav,1
id_03_00000281.wav,anomaly_id_03_00000055.wav,1
id_03_00000282.wav,normal_id_03_00000016.wav,0
id_03_00000283.wav,anomaly_id_03_00000014.wav,1
id_03_00000284.wav,normal_id_03_00000050.wav,0
id_03_00000285.wav,anomaly_id_03_00000059.wav,1
id_03_00000286.wav,anomaly_id_03_00000181.wav,1
id_03_00000287.wav,anomaly_id_03_00000220.wav,1
id_03_00000288.wav,anomaly_id_03_00000029.wav,1
id_03_00000289.wav,normal_id_03_00000017.wav,0
id_03_00000290.wav,anomaly_id_03_00000300.wav,1
id_03_00000291.wav,normal_id_03_00000088.wav,0
id_03_00000292.wav,anomaly_id_03_00000343.wav,1
id_03_00000293.wav,anomaly_id_03_00000085.wav,1
id_03_00000294.wav,anomaly_id_03_00000307.wav,1
id_03_00000295.wav,normal_id_03_00000062.wav,0
id_03_00000296.wav,anomaly_id_03_00000207.wav,1
id_03_00000297.wav,anomaly_id_03_00000196.wav,1
id_03_00000298.wav,anomaly_id_03_00000256.wav,1
id_03_00000299.wav,anomaly_id_03_00000178.wav,1
id_03_00000300.wav,anomaly_id_03_00000099.wav,1
id_03_00000301.wav,anomaly_id_03_00000066.wav,1
id_03_00000302.wav,anomaly_id_03_00000353.wav,1
id_03_00000303.wav,normal_id_03_00000027.wav,0
id_03_00000304.wav,anomaly_id_03_00000044.wav,1
id_03_00000305.wav,anomaly_id_03_00000354.wav,1
id_03_00000306.wav,anomaly_id_03_00000077.wav,1
id_03_00000307.wav,anomaly_id_03_00000113.wav,1
id_03_00000308.wav,normal_id_03_00000019.wav,0
id_03_00000309.wav,anomaly_id_03_00000046.wav,1
id_03_00000310.wav,anomaly_id_03_00000302.wav,1
id_03_00000311.wav,normal_id_03_00000030.wav,0
id_03_00000312.wav,anomaly_id_03_00000151.wav,1
id_03_00000313.wav,anomaly_id_03_00000345.wav,1
id_03_00000314.wav,anomaly_id_03_00000182.wav,1
id_03_00000315.wav,anomaly_id_03_00000195.wav,1
id_03_00000316.wav,anomaly_id_03_00000205.wav,1
id_03_00000317.wav,anomaly_id_03_00000041.wav,1
id_03_00000318.wav,anomaly_id_03_00000115.wav,1
id_03_00000319.wav,anomaly_id_03_00000333.wav,1
id_03_00000320.wav,anomaly_id_03_00000208.wav,1
id_03_00000321.wav,anomaly_id_03_00000131.wav,1
id_03_00000322.wav,anomaly_id_03_00000171.wav,1
id_03_00000323.wav,anomaly_id_03_00000130.wav,1
id_03_00000324.wav,anomaly_id_03_00000125.wav,1
id_03_00000325.wav,anomaly_id_03_00000096.wav,1
id_03_00000326.wav,anomaly_id_03_00000092.wav,1
id_03_00000327.wav,anomaly_id_03_00000295.wav,1
id_03_00000328.wav,anomaly_id_03_00000206.wav,1
id_03_00000329.wav,anomaly_id_03_00000172.wav,1
id_03_00000330.wav,normal_id_03_00000051.wav,0
id_03_00000331.wav,normal_id_03_00000001.wav,0
id_03_00000332.wav,normal_id_03_00000043.wav,0
id_03_00000333.wav,anomaly_id_03_00000006.wav,1
id_03_00000334.wav,anomaly_id_03_00000214.wav,1
id_03_00000335.wav,normal_id_03_00000048.wav,0
id_03_00000336.wav,anomaly_id_03_00000276.wav,1
id_03_00000337.wav,normal_id_03_00000049.wav,0
id_03_00000338.wav,anomaly_id_03_00000260.wav,1
id_03_00000339.wav,anomaly_id_03_00000157.wav,1
id_03_00000340.wav,anomaly_id_03_00000201.wav,1
id_03_00000341.wav,anomaly_id_03_00000331.wav,1
id_03_00000342.wav,anomaly_id_03_00000105.wav,1
id_03_00000343.wav,normal_id_03_00000037.wav,0
id_03_00000344.wav,anomaly_id_03_00000128.wav,1
id_03_00000345.wav,anomaly_id_03_00000285.wav,1
id_03_00000346.wav,anomaly_id_03_00000072.wav,1
id_03_00000347.wav,anomaly_id_03_00000028.wav,1
id_03_00000348.wav,anomaly_id_03_00000254.wav,1
id_03_00000349.wav,anomaly_id_03_00000183.wav,1
id_03_00000350.wav,anomaly_id_03_00000277.wav,1
id_03_00000351.wav,normal_id_03_00000097.wav,0
id_03_00000352.wav,anomaly_id_03_00000233.wav,1
id_03_00000353.wav,anomaly_id_03_00000030.wav,1
id_03_00000354.wav,anomaly_id_03_00000348.wav,1
id_03_00000355.wav,anomaly_id_03_00000187.wav,1
id_03_00000356.wav,anomaly_id_03_00000013.wav,1
id_03_00000357.wav,normal_id_03_00000093.wav,0
id_03_00000358.wav,anomaly_id_03_00000101.wav,1
id_03_00000359.wav,anomaly_id_03_00000102.wav,1
id_03_00000360.wav,anomaly_id_03_00000116.wav,1
id_03_00000361.wav,anomaly_id_03_00000078.wav,1
id_03_00000362.wav,anomaly_id_03_00000004.wav,1
id_03_00000363.wav,normal_id_03_00000010.wav,0
id_03_00000364.wav,anomaly_id_03_00000244.wav,1
id_03_00000365.wav,anomaly_id_03_00000286.wav,1
id_03_00000366.wav,anomaly_id_03_00000011.wav,1
id_03_00000367.wav,anomaly_id_03_00000174.wav,1
id_03_00000368.wav,normal_id_03_00000071.wav,0
id_03_00000369.wav,anomaly_id_03_00000197.wav,1
id_03_00000370.wav,normal_id_03_00000081.wav,0
id_03_00000371.wav,normal_id_03_00000074.wav,0
id_03_00000372.wav,anomaly_id_03_00000304.wav,1
id_03_00000373.wav,anomaly_id_03_00000259.wav,1
id_03_00000374.wav,normal_id_03_00000059.wav,0
id_03_00000375.wav,anomaly_id_03_00000135.wav,1
id_03_00000376.wav,anomaly_id_03_00000103.wav,1
id_03_00000377.wav,anomaly_id_03_00000057.wav,1
id_03_00000378.wav,anomaly_id_03_00000142.wav,1
id_03_00000379.wav,anomaly_id_03_00000312.wav,1
id_03_00000380.wav,anomaly_id_03_00000329.wav,1
id_03_00000381.wav,anomaly_id_03_00000007.wav,1
id_03_00000382.wav,anomaly_id_03_00000051.wav,1
id_03_00000383.wav,anomaly_id_03_00000073.wav,1
id_03_00000384.wav,anomaly_id_03_00000289.wav,1
id_03_00000385.wav,anomaly_id_03_00000161.wav,1
id_03_00000386.wav,anomaly_id_03_00000271.wav,1
id_03_00000387.wav,anomaly_id_03_00000279.wav,1
id_03_00000388.wav,anomaly_id_03_00000319.wav,1
id_03_00000389.wav,normal_id_03_00000015.wav,0
id_03_00000390.wav,anomaly_id_03_00000043.wav,1
id_03_00000391.wav,anomaly_id_03_00000026.wav,1
id_03_00000392.wav,anomaly_id_03_00000186.wav,1
id_03_00000393.wav,anomaly_id_03_00000322.wav,1
id_03_00000394.wav,anomaly_id_03_00000129.wav,1
id_03_00000395.wav,anomaly_id_03_00000323.wav,1
id_03_00000396.wav,anomaly_id_03_00000237.wav,1
id_03_00000397.wav,anomaly_id_03_00000342.wav,1
id_03_00000398.wav,anomaly_id_03_00000317.wav,1
id_03_00000399.wav,anomaly_id_03_00000324.wav,1
id_03_00000400.wav,anomaly_id_03_00000035.wav,1
id_03_00000401.wav,normal_id_03_00000046.wav,0
id_03_00000402.wav,anomaly_id_03_00000318.wav,1
id_03_00000403.wav,anomaly_id_03_00000154.wav,1
id_03_00000404.wav,normal_id_03_00000095.wav,0
id_03_00000405.wav,anomaly_id_03_00000253.wav,1
id_03_00000406.wav,anomaly_id_03_00000155.wav,1
id_03_00000407.wav,anomaly_id_03_00000146.wav,1
id_03_00000408.wav,anomaly_id_03_00000087.wav,1
id_03_00000409.wav,anomaly_id_03_00000000.wav,1
id_03_00000410.wav,anomaly_id_03_00000008.wav,1
id_03_00000411.wav,anomaly_id_03_00000301.wav,1
id_03_00000412.wav,anomaly_id_03_00000093.wav,1
id_03_00000413.wav,normal_id_03_00000036.wav,0
id_03_00000414.wav,normal_id_03_00000082.wav,0
id_03_00000415.wav,anomaly_id_03_00000262.wav,1
id_03_00000416.wav,anomaly_id_03_00000180.wav,1
id_03_00000417.wav,anomaly_id_03_00000232.wav,1
id_03_00000418.wav,anomaly_id_03_00000080.wav,1
id_03_00000419.wav,anomaly_id_03_00000350.wav,1
id_03_00000420.wav,anomaly_id_03_00000261.wav,1
id_03_00000421.wav,anomaly_id_03_00000058.wav,1
id_03_00000422.wav,anomaly_id_03_00000016.wav,1
id_03_00000423.wav,anomaly_id_03_00000257.wav,1
id_03_00000424.wav,anomaly_id_03_00000299.wav,1
id_03_00000425.wav,anomaly_id_03_00000231.wav,1
id_03_00000426.wav,normal_id_03_00000042.wav,0
id_03_00000427.wav,anomaly_id_03_00000328.wav,1
id_03_00000428.wav,normal_id_03_00000075.wav,0
id_03_00000429.wav,anomaly_id_03_00000159.wav,1
id_03_00000430.wav,anomaly_id_03_00000241.wav,1
id_03_00000431.wav,anomaly_id_03_00000269.wav,1
id_03_00000432.wav,anomaly_id_03_00000290.wav,1
id_03_00000433.wav,normal_id_03_00000066.wav,0
id_03_00000434.wav,normal_id_03_00000079.wav,0
id_03_00000435.wav,anomaly_id_03_00000042.wav,1
id_03_00000436.wav,anomaly_id_03_00000168.wav,1
id_03_00000437.wav,anomaly_id_03_00000156.wav,1
id_03_00000438.wav,anomaly_id_03_00000134.wav,1
id_03_00000439.wav,anomaly_id_03_00000185.wav,1
id_03_00000440.wav,anomaly_id_03_00000234.wav,1
id_03_00000441.wav,anomaly_id_03_00000210.wav,1
id_03_00000442.wav,anomaly_id_03_00000192.wav,1
id_03_00000443.wav,anomaly_id_03_00000188.wav,1
id_03_00000444.wav,normal_id_03_00000023.wav,0
id_03_00000445.wav,normal_id_03_00000069.wav,0
id_03_00000446.wav,anomaly_id_03_00000238.wav,1
id_03_00000447.wav,anomaly_id_03_00000120.wav,1
id_03_00000448.wav,anomaly_id_03_00000306.wav,1
id_03_00000449.wav,normal_id_03_00000073.wav,0
id_03_00000450.wav,anomaly_id_03_00000020.wav,1
id_03_00000451.wav,anomaly_id_03_00000346.wav,1
id_03_00000452.wav,anomaly_id_03_00000145.wav,1
id_03_00000453.wav,anomaly_id_03_00000341.wav,1
id_03_00000454.wav,anomaly_id_03_00000266.wav,1
id_03_00000455.wav,anomaly_id_03_00000228.wav,1
id_03_00000456.wav,anomaly_id_03_00000245.wav,1
id_03_00000457.wav,anomaly_id_03_00000246.wav,1
id_05_00000000.wav,anomaly_id_05_00000071.wav,1
id_05_00000001.wav,anomaly_id_05_00000005.wav,1
id_05_00000002.wav,anomaly_id_05_00000154.wav,1
id_05_00000003.wav,anomaly_id_05_00000220.wav,1
id_05_00000004.wav,normal_id_05_00000106.wav,0
id_05_00000005.wav,anomaly_id_05_00000089.wav,1
id_05_00000006.wav,anomaly_id_05_00000345.wav,1
id_05_00000007.wav,normal_id_05_00000022.wav,0
id_05_00000008.wav,anomaly_id_05_00000253.wav,1
id_05_00000009.wav,anomaly_id_05_00000279.wav,1
id_05_00000010.wav,normal_id_05_00000052.wav,0
id_05_00000011.wav,anomaly_id_05_00000021.wav,1
id_05_00000012.wav,anomaly_id_05_00000284.wav,1
id_05_00000013.wav,anomaly_id_05_00000257.wav,1
id_05_00000014.wav,anomaly_id_05_00000316.wav,1
id_05_00000015.wav,anomaly_id_05_00000238.wav,1
id_05_00000016.wav,anomaly_id_05_00000182.wav,1
id_05_00000017.wav,anomaly_id_05_00000061.wav,1
id_05_00000018.wav,anomaly_id_05_00000119.wav,1
id_05_00000019.wav,anomaly_id_05_00000282.wav,1
id_05_00000020.wav,anomaly_id_05_00000215.wav,1
id_05_00000021.wav,normal_id_05_00000105.wav,0
id_05_00000022.wav,anomaly_id_05_00000280.wav,1
id_05_00000023.wav,anomaly_id_05_00000088.wav,1
id_05_00000024.wav,anomaly_id_05_00000026.wav,1
id_05_00000025.wav,anomaly_id_05_00000263.wav,1
id_05_00000026.wav,anomaly_id_05_00000179.wav,1
id_05_00000027.wav,normal_id_05_00000102.wav,0
id_05_00000028.wav,anomaly_id_05_00000017.wav,1
id_05_00000029.wav,normal_id_05_00000051.wav,0
id_05_00000030.wav,anomaly_id_05_00000268.wav,1
id_05_00000031.wav,anomaly_id_05_00000300.wav,1
id_05_00000032.wav,normal_id_05_00000060.wav,0
id_05_00000033.wav,anomaly_id_05_00000050.wav,1
id_05_00000034.wav,normal_id_05_00000059.wav,0
id_05_00000035.wav,anomaly_id_05_00000292.wav,1
id_05_00000036.wav,anomaly_id_05_00000190.wav,1
id_05_00000037.wav,anomaly_id_05_00000266.wav,1
id_05_00000038.wav,anomaly_id_05_00000302.wav,1
id_05_00000039.wav,anomaly_id_05_00000219.wav,1
id_05_00000040.wav,anomaly_id_05_00000339.wav,1
id_05_00000041.wav,anomaly_id_05_00000049.wav,1
id_05_00000042.wav,anomaly_id_05_00000054.wav,1
id_05_00000043.wav,anomaly_id_05_00000112.wav,1
id_05_00000044.wav,anomaly_id_05_00000042.wav,1
id_05_00000045.wav,normal_id_05_00000103.wav,0
id_05_00000046.wav,anomaly_id_05_00000019.wav,1
id_05_00000047.wav,normal_id_05_00000099.wav,0
id_05_00000048.wav,anomaly_id_05_00000276.wav,1
id_05_00000049.wav,anomaly_id_05_00000027.wav,1
id_05_00000050.wav,normal_id_05_00000108.wav,0
id_05_00000051.wav,anomaly_id_05_00000348.wav,1
id_05_00000052.wav,anomaly_id_05_00000181.wav,1
id_05_00000053.wav,anomaly_id_05_00000120.wav,1
id_05_00000054.wav,anomaly_id_05_00000237.wav,1
id_05_00000055.wav,anomaly_id_05_00000155.wav,1
id_05_00000056.wav,anomaly_id_05_00000078.wav,1
id_05_00000057.wav,anomaly_id_05_00000141.wav,1
id_05_00000058.wav,normal_id_05_00000006.wav,0
id_05_00000059.wav,normal_id_05_00000077.wav,0
id_05_00000060.wav,anomaly_id_05_00000305.wav,1
id_05_00000061.wav,anomaly_id_05_00000003.wav,1
id_05_00000062.wav,anomaly_id_05_00000243.wav,1
id_05_00000063.wav,anomaly_id_05_00000085.wav,1
id_05_00000064.wav,anomaly_id_05_00000166.wav,1
id_05_00000065.wav,anomaly_id_05_00000034.wav,1
id_05_00000066.wav,anomaly_id_05_00000014.wav,1
id_05_00000067.wav,anomaly_id_05_00000325.wav,1
id_05_00000068.wav,normal_id_05_00000094.wav,0
id_05_00000069.wav,anomaly_id_05_00000318.wav,1
id_05_00000070.wav,normal_id_05_00000042.wav,0
id_05_00000071.wav,anomaly_id_05_00000311.wav,1
id_05_00000072.wav,anomaly_id_05_00000199.wav,1
id_05_00000073.wav,anomaly_id_05_00000233.wav,1
id_05_00000074.wav,anomaly_id_05_00000252.wav,1
id_05_00000075.wav,anomaly_id_05_00000180.wav,1
id_05_00000076.wav,normal_id_05_00000037.wav,0
id_05_00000077.wav,anomaly_id_05_00000147.wav,1
id_05_00000078.wav,anomaly_id_05_00000031.wav,1
id_05_00000079.wav,anomaly_id_05_00000028.wav,1
id_05_00000080.wav,anomaly_id_05_00000068.wav,1
id_05_00000081.wav,anomaly_id_05_00000094.wav,1
id_05_00000082.wav,normal_id_05_00000064.wav,0
id_05_00000083.wav,anomaly_id_05_00000206.wav,1
id_05_00000084.wav,normal_id_05_00000028.wav,0
id_05_00000085.wav,normal_id_05_00000095.wav,0
id_05_00000086.wav,normal_id_05_00000027.wav,0
id_05_00000087.wav,anomaly_id_05_00000163.wav,1
id_05_00000088.wav,anomaly_id_05_00000186.wav,1
id_05_00000089.wav,anomaly_id_05_00000256.wav,1
id_05_00000090.wav,anomaly_id_05_00000156.wav,1
id_05_00000091.wav,anomaly_id_05_00000040.wav,1
id_05_00000092.wav,anomaly_id_05_00000016.wav,1
id_05_00000093.wav,normal_id_05_00000065.wav,0
id_05_00000094.wav,anomaly_id_05_00000332.wav,1
id_05_00000095.wav,anomaly_id_05_00000200.wav,1
id_05_00000096.wav,anomaly_id_05_00000175.wav,1
id_05_00000097.wav,normal_id_05_00000069.wav,0
id_05_00000098.wav,anomaly_id_05_00000048.wav,1
id_05_00000099.wav,anomaly_id_05_00000000.wav,1
id_05_00000100.wav,anomaly_id_05_00000162.wav,1
id_05_00000101.wav,anomaly_id_05_00000109.wav,1
id_05_00000102.wav,normal_id_05_00000075.wav,0
id_05_00000103.wav,normal_id_05_00000083.wav,0
id_05_00000104.wav,anomaly_id_05_00000081.wav,1
id_05_00000105.wav,anomaly_id_05_00000207.wav,1
id_05_00000106.wav,anomaly_id_05_00000231.wav,1
id_05_00000107.wav,normal_id_05_00000092.wav,0
id_05_00000108.wav,anomaly_id_05_00000295.wav,1
id_05_00000109.wav,anomaly_id_05_00000051.wav,1
id_05_00000110.wav,normal_id_05_00000062.wav,0
id_05_00000111.wav,anomaly_id_05_00000273.wav,1
id_05_00000112.wav,normal_id_05_00000041.wav,0
id_05_00000113.wav,anomaly_id_05_00000092.wav,1
id_05_00000114.wav,anomaly_id_05_00000046.wav,1
id_05_00000115.wav,anomaly_id_05_00000255.wav,1
id_05_00000116.wav,anomaly_id_05_00000009.wav,1
id_05_00000117.wav,anomaly_id_05_00000217.wav,1
id_05_00000118.wav,anomaly_id_05_00000327.wav,1
id_05_00000119.wav,anomaly_id_05_00000110.wav,1
id_05_00000120.wav,anomaly_id_05_00000277.wav,1
id_05_00000121.wav,anomaly_id_05_00000260.wav,1
id_05_00000122.wav,anomaly_id_05_00000111.wav,1
id_05_00000123.wav,anomaly_id_05_00000297.wav,1
id_05_00000124.wav,normal_id_05_00000072.wav,0
id_05_00000125.wav,anomaly_id_05_00000205.wav,1
id_05_00000126.wav,anomaly_id_05_00000270.wav,1
id_05_00000127.wav,anomaly_id_05_00000214.wav,1
id_05_00000128.wav,anomaly_id_05_00000066.wav,1
id_05_00000129.wav,normal_id_05_00000047.wav,0
id_05_00000130.wav,anomaly_id_05_00000344.wav,1
id_05_00000131.wav,anomaly_id_05_00000025.wav,1
id_05_00000132.wav,anomaly_id_05_00000322.wav,1
id_05_00000133.wav,normal_id_05_00000063.wav,0
id_05_00000134.wav,anomaly_id_05_00000298.wav,1
id_05_00000135.wav,anomaly_id_05_00000227.wav,1
id_05_00000136.wav,anomaly_id_05_00000239.wav,1
id_05_00000137.wav,normal_id_05_00000078.wav,0
id_05_00000138.wav,anomaly_id_05_00000055.wav,1
id_05_00000139.wav,anomaly_id_05_00000330.wav,1
id_05_00000140.wav,anomaly_id_05_00000291.wav,1
id_05_00000141.wav,normal_id_05_00000018.wav,0
id_05_00000142.wav,anomaly_id_05_00000234.wav,1
id_05_00000143.wav,anomaly_id_05_00000272.wav,1
id_05_00000144.wav,normal_id_05_00000086.wav,0
id_05_00000145.wav,normal_id_05_00000012.wav,0
id_05_00000146.wav,anomaly_id_05_00000139.wav,1
id_05_00000147.wav,normal_id_05_00000093.wav,0
id_05_00000148.wav,normal_id_05_00000017.wav,0
id_05_00000149.wav,anomaly_id_05_00000333.wav,1
id_05_00000150.wav,anomaly_id_05_00000006.wav,1
id_05_00000151.wav,normal_id_05_00000033.wav,0
id_05_00000152.wav,anomaly_id_05_00000060.wav,1
id_05_00000153.wav,anomaly_id_05_00000347.wav,1
id_05_00000154.wav,anomaly_id_05_00000285.wav,1
id_05_00000155.wav,anomaly_id_05_00000283.wav,1
id_05_00000156.wav,anomaly_id_05_00000128.wav,1
id_05_00000157.wav,anomaly_id_05_00000010.wav,1
id_05_00000158.wav,anomaly_id_05_00000080.wav,1
id_05_00000159.wav,normal_id_05_00000058.wav,0
id_05_00000160.wav,anomaly_id_05_00000146.wav,1
id_05_00000161.wav,normal_id_05_00000100.wav,0
id_05_00000162.wav,anomaly_id_05_00000090.wav,1
id_05_00000163.wav,anomaly_id_05_00000118.wav,1
id_05_00000164.wav,anomaly_id_05_00000319.wav,1
id_05_00000165.wav,normal_id_05_00000015.wav,0
id_05_00000166.wav,normal_id_05_00000038.wav,0
id_05_00000167.wav,anomaly_id_05_00000178.wav,1
id_05_00000168.wav,normal_id_05_00000010.wav,0
id_05_00000169.wav,normal_id_05_00000084.wav,0
id_05_00000170.wav,anomaly_id_05_00000129.wav,1
id_05_00000171.wav,anomaly_id_05_00000246.wav,1
id_05_00000172.wav,anomaly_id_05_00000241.wav,1
id_05_00000173.wav,anomaly_id_05_00000030.wav,1
id_05_00000174.wav,anomaly_id_05_00000340.wav,1
id_05_00000175.wav,anomaly_id_05_00000304.wav,1
id_05_00000176.wav,anomaly_id_05_00000065.wav,1
id_05_00000177.wav,anomaly_id_05_00000249.wav,1
id_05_00000178.wav,anomaly_id_05_00000236.wav,1
id_05_00000179.wav,anomaly_id_05_00000301.wav,1
id_05_00000180.wav,anomaly_id_05_00000001.wav,1
id_05_00000181.wav,normal_id_05_00000073.wav,0
id_05_00000182.wav,anomaly_id_05_00000134.wav,1
id_05_00000183.wav,normal_id_05_00000067.wav,0
id_05_00000184.wav,anomaly_id_05_00000149.wav,1
id_05_00000185.wav,anomaly_id_05_00000229.wav,1
id_05_00000186.wav,anomaly_id_05_00000056.wav,1
id_05_00000187.wav,anomaly_id_05_00000218.wav,1
id_05_00000188.wav,anomaly_id_05_00000168.wav,1
id_05_00000189.wav,anomaly_id_05_00000075.wav,1
id_05_00000190.wav,normal_id_05_00000061.wav,0
id_05_00000191.wav,anomaly_id_05_00000312.wav,1
id_05_00000192.wav,anomaly_id_05_00000035.wav,1
id_05_00000193.wav,normal_id_05_00000054.wav,0
id_05_00000194.wav,normal_id_05_00000089.wav,0
id_05_00000195.wav,anomaly_id_05_00000216.wav,1
id_05_00000196.wav,anomaly_id_05_00000329.wav,1
id_05_00000197.wav,anomaly_id_05_00000116.wav,1
id_05_00000198.wav,anomaly_id_05_00000114.wav,1
id_05_00000199.wav,anomaly_id_05_00000208.wav,1
id_05_00000200.wav,normal_id_05_00000020.wav,0
id_05_00000201.wav,anomaly_id_05_00000058.wav,1
id_05_00000202.wav,anomaly_id_05_00000096.wav,1
id_05_00000203.wav,anomaly_id_05_00000171.wav,1
id_05_00000204.wav,normal_id_05_00000025.wav,0
id_05_00000205.wav,normal_id_05_00000007.wav,0
id_05_00000206.wav,anomaly_id_05_00000245.wav,1
id_05_00000207.wav,normal_id_05_00000107.wav,0
id_05_00000208.wav,anomaly_id_05_00000338.wav,1
id_05_00000209.wav,anomaly_id_05_00000144.wav,1
id_05_00000210.wav,anomaly_id_05_00000138.wav,1
id_05_00000211.wav,normal_id_05_00000013.wav,0
id_05_00000212.wav,normal_id_05_00000026.wav,0
id_05_00000213.wav,anomaly_id_05_00000148.wav,1
id_05_00000214.wav,anomaly_id_05_00000082.wav,1
id_05_00000215.wav,anomaly_id_05_00000201.wav,1
id_05_00000216.wav,anomaly_id_05_00000123.wav,1
id_05_00000217.wav,normal_id_05_00000045.wav,0
id_05_00000218.wav,anomaly_id_05_00000341.wav,1
id_05_00000219.wav,normal_id_05_00000068.wav,0
id_05_00000220.wav,anomaly_id_05_00000103.wav,1
id_05_00000221.wav,normal_id_05_00000057.wav,0
id_05_00000222.wav,normal_id_05_00000076.wav,0
id_05_00000223.wav,anomaly_id_05_00000157.wav,1
id_05_00000224.wav,anomaly_id_05_00000228.wav,1
id_05_00000225.wav,anomaly_id_05_00000018.wav,1
id_05_00000226.wav,normal_id_05_00000066.wav,0
id_05_00000227.wav,anomaly_id_05_00000011.wav,1
id_05_00000228.wav,normal_id_05_00000032.wav,0
id_05_00000229.wav,anomaly_id_05_00000106.wav,1
id_05_00000230.wav,anomaly_id_05_00000307.wav,1
id_05_00000231.wav,anomaly_id_05_00000342.wav,1
id_05_00000232.wav,normal_id_05_00000021.wav,0
id_05_00000233.wav,anomaly_id_05_00000153.wav,1
id_05_00000234.wav,anomaly_id_05_00000152.wav,1
id_05_00000235.wav,anomaly_id_05_00000247.wav,1
id_05_00000236.wav,anomaly_id_05_00000287.wav,1
id_05_00000237.wav,normal_id_05_00000088.wav,0
id_05_00000238.wav,normal_id_05_00000008.wav,0
id_05_00000239.wav,anomaly_id_05_00000204.wav,1
id_05_00000240.wav,anomaly_id_05_00000140.wav,1
id_05_00000241.wav,normal_id_05_00000101.wav,0
id_05_00000242.wav,anomaly_id_05_00000121.wav,1
id_05_00000243.wav,anomaly_id_05_00000057.wav,1
id_05_00000244.wav,anomaly_id_05_00000259.wav,1
id_05_00000245.wav,anomaly_id_05_00000159.wav,1
id_05_00000246.wav,normal_id_05_00000104.wav,0
id_05_00000247.wav,anomaly_id_05_00000314.wav,1
id_05_00000248.wav,anomaly_id_05_00000022.wav,1
id_05_00000249.wav,anomaly_id_05_00000086.wav,1
id_05_00000250.wav,normal_id_05_00000030.wav,0
id_05_00000251.wav,anomaly_id_05_00000102.wav,1
id_05_00000252.wav,anomaly_id_05_00000198.wav,1
id_05_00000253.wav,normal_id_05_00000043.wav,0
id_05_00000254.wav,anomaly_id_05_00000221.wav,1
id_05_00000255.wav,normal_id_05_00000053.wav,0
id_05_00000256.wav,anomaly_id_05_00000008.wav,1
id_05_00000257.wav,anomaly_id_05_00000170.wav,1
id_05_00000258.wav,anomaly_id_05_00000278.wav,1
id_05_00000259.wav,anomaly_id_05_00000095.wav,1
id_05_00000260.wav,normal_id_05_00000055.wav,0
id_05_00000261.wav,normal_id_05_00000091.wav,0
id_05_00000262.wav,anomaly_id_05_00000002.wav,1
id_05_00000263.wav,anomaly_id_05_00000037.wav,1
id_05_00000264.wav,anomaly_id_05_00000262.wav,1
id_05_00000265.wav,anomaly_id_05_00000309.wav,1
id_05_00000266.wav,anomaly_id_05_00000160.wav,1
id_05_00000267.wav,anomaly_id_05_00000337.wav,1
id_05_00000268.wav,anomaly_id_05_00000004.wav,1
id_05_00000269.wav,normal_id_05_00000097.wav,0
id_05_00000270.wav,normal_id_05_00000000.wav,0
id_05_00000271.wav,anomaly_id_05_00000127.wav,1
id_05_00000272.wav,normal_id_05_00000031.wav,0
id_05_00000273.wav,anomaly_id_05_00000007.wav,1
id_05_00000274.wav,anomaly_id_05_00000079.wav,1
id_05_00000275.wav,normal_id_05_00000029.wav,0
id_05_00000276.wav,anomaly_id_05_00000100.wav,1
id_05_00000277.wav,anomaly_id_05_00000059.wav,1
id_05_00000278.wav,anomaly_id_05_00000289.wav,1
id_05_00000279.wav,anomaly_id_05_00000020.wav,1
id_05_00000280.wav,anomaly_id_05_00000167.wav,1
id_05_00000281.wav,anomaly_id_05_00000098.wav,1
id_05_00000282.wav,normal_id_05_00000090.wav,0
id_05_00000283.wav,anomaly_id_05_00000313.wav,1
id_05_00000284.wav,anomaly_id_05_00000069.wav,1
id_05_00000285.wav,normal_id_05_00000074.wav,0
id_05_00000286.wav,normal_id_05_00000085.wav,0
id_05_00000287.wav,anomaly_id_05_00000308.wav,1
id_05_00000288.wav,anomaly_id_05_00000267.wav,1
id_05_00000289.wav,anomaly_id_05_00000240.wav,1
id_05_00000290.wav,anomaly_id_05_00000191.wav,1
id_05_00000291.wav,anomaly_id_05_00000164.wav,1
id_05_00000292.wav,anomaly_id_05_00000053.wav,1
id_05_00000293.wav,anomaly_id_05_00000126.wav,1
id_05_00000294.wav,anomaly_id_05_00000142.wav,1
id_05_00000295.wav,anomaly_id_05_00000032.wav,1
id_05_00000296.wav,anomaly_id_05_00000076.wav,1
id_05_00000297.wav,anomaly_id_05_00000062.wav,1
id_05_00000298.wav,anomaly_id_05_00000293.wav,1
id_05_00000299.wav,anomaly_id_05_00000107.wav,1
id_05_00000300.wav,normal_id_05_00000005.wav,0
id_05_00000301.wav,anomaly_id_05_00000346.wav,1
id_05_00000302.wav,anomaly_id_05_00000185.wav,1
id_05_00000303.wav,anomaly_id_05_00000261.wav,1
id_05_00000304.wav,anomaly_id_05_00000105.wav,1
id_05_00000305.wav,anomaly_id_05_00000161.wav,1
id_05_00000306.wav,anomaly_id_05_00000254.wav,1
id_05_00000307.wav,anomaly_id_05_00000203.wav,1
id_05_00000308.wav,anomaly_id_05_00000222.wav,1
id_05_00000309.wav,anomaly_id_05_00000315.wav,1
id_05_00000310.wav,anomaly_id_05_00000131.wav,1
id_05_00000311.wav,anomaly_id_05_00000286.wav,1
id_05_00000312.wav,normal_id_05_00000039.wav,0
id_05_00000313.wav,anomaly_id_05_00000136.wav,1
id_05_00000314.wav,anomaly_id_05_00000150.wav,1
id_05_00000315.wav,anomaly_id_05_00000087.wav,1
id_05_00000316.wav,anomaly_id_05_00000084.wav,1
id_05_00000317.wav,normal_id_05_00000023.wav,0
id_05_00000318.wav,anomaly_id_05_00000230.wav,1
id_05_00000319.wav,anomaly_id_05_00000274.wav,1
id_05_00000320.wav,anomaly_id_05_00000192.wav,1
id_05_00000321.wav,anomaly_id_05_00000041.wav,1
id_05_00000322.wav,anomaly_id_05_00000074.wav,1
id_05_00000323.wav,anomaly_id_05_00000145.wav,1
id_05_00000324.wav,anomaly_id_05_00000306.wav,1
id_05_00000325.wav,anomaly_id_05_00000189.wav,1
id_05_00000326.wav,normal_id_05_00000034.wav,0
id_05_00000327.wav,normal_id_05_00000079.wav,0
id_05_00000328.wav,anomaly_id_05_00000224.wav,1
id_05_00000329.wav,anomaly_id_05_00000038.wav,1
id_05_00000330.wav,anomaly_id_05_00000336.wav,1
id_05_00000331.wav,anomaly_id_05_00000269.wav,1
id_05_00000332.wav,anomaly_id_05_00000323.wav,1
id_05_00000333.wav,anomaly_id_05_00000124.wav,1
id_05_00000334.wav,anomaly_id_05_00000039.wav,1
id_05_00000335.wav,anomaly_id_05_00000122.wav,1
id_05_00000336.wav,anomaly_id_05_00000047.wav,1
id_05_00000337.wav,anomaly_id_05_00000225.wav,1
id_05_00000338.wav,anomaly_id_05_00000115.wav,1
id_05_00000339.wav,anomaly_id_05_00000310.wav,1
id_05_00000340.wav,anomaly_id_05_00000232.wav,1
id_05_00000341.wav,anomaly_id_05_00000104.wav,1
id_05_00000342.wav,normal_id_05_00000096.wav,0
id_05_00000343.wav,anomaly_id_05_00000143.wav,1
id_05_00000344.wav,anomaly_id_05_00000133.wav,1
id_05_00000345.wav,anomaly_id_05_00000137.wav,1
id_05_00000346.wav,anomaly_id_05_00000024.wav,1
id_05_00000347.wav,normal_id_05_00000098.wav,0
id_05_00000348.wav,anomaly_id_05_00000091.wav,1
id_05_00000349.wav,anomaly_id_05_00000321.wav,1
id_05_00000350.wav,anomaly_id_05_00000063.wav,1
id_05_00000351.wav,anomaly_id_05_00000223.wav,1
id_05_00000352.wav,anomaly_id_05_00000015.wav,1
id_05_00000353.wav,anomaly_id_05_00000067.wav,1
id_05_00000354.wav,anomaly_id_05_00000072.wav,1
id_05_00000355.wav,anomaly_id_05_00000248.wav,1
id_05_00000356.wav,normal_id_05_00000003.wav,0
id_05_00000357.wav,anomaly_id_05_00000169.wav,1
id_05_00000358.wav,anomaly_id_05_00000101.wav,1
id_05_00000359.wav,anomaly_id_05_00000184.wav,1
id_05_00000360.wav,anomaly_id_05_00000213.wav,1
id_05_00000361.wav,anomaly_id_05_00000264.wav,1
id_05_00000362.wav,normal_id_05_00000070.wav,0
id_05_00000363.wav,anomaly_id_05_00000108.wav,1
id_05_00000364.wav,anomaly_id_05_00000125.wav,1
id_05_00000365.wav,anomaly_id_05_00000197.wav,1
id_05_00000366.wav,normal_id_05_00000002.wav,0
id_05_00000367.wav,anomaly_id_05_00000288.wav,1
id_05_00000368.wav,anomaly_id_05_00000251.wav,1
id_05_00000369.wav,anomaly_id_05_00000324.wav,1
id_05_00000370.wav,anomaly_id_05_00000023.wav,1
id_05_00000371.wav,normal_id_05_00000016.wav,0
id_05_00000372.wav,anomaly_id_05_00000097.wav,1
id_05_00000373.wav,anomaly_id_05_00000165.wav,1
id_05_00000374.wav,anomaly_id_05_00000029.wav,1
id_05_00000375.wav,normal_id_05_00000024.wav,0
id_05_00000376.wav,anomaly_id_05_00000073.wav,1
id_05_00000377.wav,normal_id_05_00000046.wav,0
id_05_00000378.wav,anomaly_id_05_00000172.wav,1
id_05_00000379.wav,anomaly_id_05_00000196.wav,1
id_05_00000380.wav,anomaly_id_05_00000044.wav,1
id_05_00000381.wav,anomaly_id_05_00000343.wav,1
id_05_00000382.wav,anomaly_id_05_00000271.wav,1
id_05_00000383.wav,normal_id_05_00000014.wav,0
id_05_00000384.wav,normal_id_05_00000040.wav,0
id_05_00000385.wav,anomaly_id_05_00000235.wav,1
id_05_00000386.wav,anomaly_id_05_00000130.wav,1
id_05_00000387.wav,anomaly_id_05_00000290.wav,1
id_05_00000388.wav,anomaly_id_05_00000209.wav,1
id_05_00000389.wav,anomaly_id_05_00000320.wav,1
id_05_00000390.wav,normal_id_05_00000011.wav,0
id_05_00000391.wav,normal_id_05_00000001.wav,0
id_05_00000392.wav,anomaly_id_05_00000193.wav,1
id_05_00000393.wav,anomaly_id_05_00000242.wav,1
id_05_00000394.wav,anomaly_id_05_00000244.wav,1
id_05_00000395.wav,anomaly_id_05_00000226.wav,1
id_05_00000396.wav,anomaly_id_05_00000250.wav,1
id_05_00000397.wav,anomaly_id_05_00000151.wav,1
id_05_00000398.wav,anomaly_id_05_00000334.wav,1
id_05_00000399.wav,anomaly_id_05_00000317.wav,1
id_05_00000400.wav,anomaly_id_05_00000158.wav,1
id_05_00000401.wav,anomaly_id_05_00000113.wav,1
id_05_00000402.wav,anomaly_id_05_00000043.wav,1
id_05_00000403.wav,normal_id_05_00000080.wav,0
id_05_00000404.wav,anomaly_id_05_00000326.wav,1
id_05_00000405.wav,anomaly_id_05_00000183.wav,1
id_05_00000406.wav,anomaly_id_05_00000013.wav,1
id_05_00000407.wav,anomaly_id_05_00000012.wav,1
id_05_00000408.wav,anomaly_id_05_00000195.wav,1
id_05_00000409.wav,normal_id_05_00000019.wav,0
id_05_00000410.wav,normal_id_05_00000009.wav,0
id_05_00000411.wav,normal_id_05_00000048.wav,0
id_05_00000412.wav,anomaly_id_05_00000202.wav,1
id_05_00000413.wav,anomaly_id_05_00000036.wav,1
id_05_00000414.wav,anomaly_id_05_00000132.wav,1
id_05_00000415.wav,anomaly_id_05_00000177.wav,1
id_05_00000416.wav,anomaly_id_05_00000328.wav,1
id_05_00000417.wav,anomaly_id_05_00000299.wav,1
id_05_00000418.wav,normal_id_05_00000036.wav,0
id_05_00000419.wav,normal_id_05_00000071.wav,0
id_05_00000420.wav,anomaly_id_05_00000099.wav,1
id_05_00000421.wav,anomaly_id_05_00000070.wav,1
id_05_00000422.wav,anomaly_id_05_00000294.wav,1
id_05_00000423.wav,anomaly_id_05_00000117.wav,1
id_05_00000424.wav,normal_id_05_00000082.wav,0
id_05_00000425.wav,anomaly_id_05_00000187.wav,1
id_05_00000426.wav,anomaly_id_05_00000258.wav,1
id_05_00000427.wav,anomaly_id_05_00000093.wav,1
id_05_00000428.wav,anomaly_id_05_00000265.wav,1
id_05_00000429.wav,anomaly_id_05_00000210.wav,1
id_05_00000430.wav,anomaly_id_05_00000077.wav,1
id_05_00000431.wav,anomaly_id_05_00000045.wav,1
id_05_00000432.wav,anomaly_id_05_00000173.wav,1
id_05_00000433.wav,anomaly_id_05_00000303.wav,1
id_05_00000434.wav,anomaly_id_05_00000194.wav,1
id_05_00000435.wav,normal_id_05_00000081.wav,0
id_05_00000436.wav,anomaly_id_05_00000135.wav,1
id_05_00000437.wav,anomaly_id_05_00000064.wav,1
id_05_00000438.wav,anomaly_id_05_00000176.wav,1
id_05_00000439.wav,normal_id_05_00000035.wav,0
id_05_00000440.wav,normal_id_05_00000087.wav,0
id_05_00000441.wav,normal_id_05_00000044.wav,0
id_05_00000442.wav,anomaly_id_05_00000335.wav,1
id_05_00000443.wav,anomaly_id_05_00000212.wav,1
id_05_00000444.wav,anomaly_id_05_00000174.wav,1
id_05_00000445.wav,anomaly_id_05_00000275.wav,1
id_05_00000446.wav,anomaly_id_05_00000331.wav,1
id_05_00000447.wav,anomaly_id_05_00000188.wav,1
id_05_00000448.wav,anomaly_id_05_00000296.wav,1
id_05_00000449.wav,normal_id_05_00000050.wav,0
id_05_00000450.wav,anomaly_id_05_00000083.wav,1
id_05_00000451.wav,normal_id_05_00000004.wav,0
id_05_00000452.wav,anomaly_id_05_00000211.wav,1
id_05_00000453.wav,anomaly_id_05_00000052.wav,1
id_05_00000454.wav,anomaly_id_05_00000281.wav,1
id_05_00000455.wav,normal_id_05_00000056.wav,0
id_05_00000456.wav,anomaly_id_05_00000033.wav,1
id_05_00000457.wav,normal_id_05_00000049.wav,0